Model,MAE,RMSE,MAPE,SMAPE,Training_Time
NeuralProphet,0.34361503395499277,0.4298608663768812,1.3034565126806856,0.3327775209837884,95.98608899116516
