Model,MAE,RMSE,MAPE,SMAPE,Training_Time
NeuralProphet,0.3300503155082158,0.44698431772608394,0.49663761144335694,0.1878959337521635,107.15393567085266
