Model,MAE,RMSE,MAPE,SMAPE,Training_Time
NeuralProphet,0.07647930082040173,0.09939409932633797,0.346314324586176,0.14365345152053668,114.33424758911133
