Model,MAE,RMSE,MAPE,SMAPE,Training_Time
NeuralProphet,0.04899415403588258,0.05742882515078893,1.7570808882263993,0.7252046445032789,108.95847225189209
