Model,MAE,RMSE,MAPE,SMAPE,Training_Time
NeuralProphet,0.35797940069637707,0.4983876678148208,1.1007892871060347,0.3290992768133506,105.29793620109558
