Model,MAE,RMSE,MAPE,SMAPE,Training_Time
NeuralProphet,0.039700638572729756,0.06275116116710844,2586998972026.5195,0.2469182041631649,109.34389281272888
