Model,MAE,RMSE,MAPE,SMAPE,Training_Time
NeuralProphet,0.08341731466565813,0.12908158165536793,0.4723699732131926,0.21532415795914508,96.23055410385132
