Model,MAE,RMSE,MAPE,SMAPE,Training_Time
NeuralProphet,0.35964720782637594,0.6432861474279833,0.8192684707412548,0.29675258219751866,93.41776394844055
