Model,MAE,RMSE,MAPE,SMAPE,Training_Time
NeuralProphet,0.22627387012247585,0.2883693074618606,0.5107479820268563,0.18063515380619533,106.80306243896484
