Model,MAE,RMSE,MAPE,SMAPE,Training_Time
NeuralProphet,0.11811740308361396,0.18226855541900697,0.4505593104183833,0.18925878379129507,92.35539102554321
