Model,MAE,RMSE,MAPE,SMAPE,Training_Time
NeuralProphet,0.034531602213558346,0.05348603481937661,40290397267091.2,0.4380969112325241,104.08927178382874
