Model,MAE,RMSE,MAPE,SMAPE,Training_Time
NeuralProphet,0.024847060147850288,0.047510852720644654,0.14929294223978382,0.07691375882500576,87.90770244598389
