Model,MAE,RMSE,MAPE,SMAPE,Training_Time
NeuralProphet,0.14856532881577453,0.29745527056342336,0.5064852631110985,0.25860311259337004,89.20854234695435
