Model,MAE,RMSE,MAPE,SMAPE,Training_Time
NeuralProphet,0.07382516875667941,0.19914116992687295,0.599643192876567,0.22285575544733294,88.03701043128967
