Model,MAE,RMSE,MAPE,SMAPE,Training_Time
NeuralProphet,0.23351957304420928,0.3202084126840109,0.8974718498406191,0.2641511579451813,109.74813103675842
