Model,MAE,RMSE,MAPE,SMAPE,Training_Time
NeuralProphet,0.2568394958202927,0.4490329271003939,4.024023192762558,0.758990082394148,98.68854188919067
