Model,MAE,RMSE,MAPE,SMAPE,Training_Time
NeuralProphet,0.31498530158843013,0.5096526951735026,0.8187557139921842,0.49496325358323207,104.47758197784424
