Model,MAE,RMSE,MAPE,SMAPE,Training_Time
NeuralProphet,0.04565442763517959,0.06696074217558011,93683932128987.6,0.9809355932515419,99.17901015281677
