Model,MAE,RMSE,MAPE,SMAPE,Training_Time
NeuralProphet,1.1808303705942496,1.7228975788634582,1.1465286883216448,0.39003744780883887,106.42858958244324
