Model,MAE,RMSE,MAPE,SMAPE,Training_Time
NeuralProphet,0.08924699222722224,0.1511397494094799,0.5436085970550583,0.2138691552347891,106.79138517379761
