Model,MAE,RMSE,MAPE,SMAPE,Training_Time
NeuralProphet,0.4044506550198078,0.6099625277972889,3.046355785630026,0.3742793548893001,102.5730357170105
