Model,MAE,RMSE,MAPE,SMAPE,Training_Time
NeuralProphet,0.12496193566776456,0.18733549978471145,1.9344820423980633,0.39019446069700625,105.66277503967285
