Model,MAE,RMSE,MAPE,SMAPE,Training_Time
NeuralProphet,0.17308158442510083,0.2873769372102034,0.8341157451580278,0.27766965538717014,105.83849740028381
