Model,MAE,RMSE,MAPE,SMAPE,Training_Time
NeuralProphet,0.2307072987684182,0.3090059053786005,1.2837190954579871,0.3283381772139002,104.67524695396423
