Model,MAE,RMSE,MAPE,SMAPE,Training_Time
NeuralProphet,0.09745282447320366,0.18976553485051167,1.3013680188060337,0.30236786854498365,88.45240139961243
