Model,MAE,RMSE,MAPE,SMAPE,Training_Time
NeuralProphet,0.4820753481596833,0.6205519314417122,0.8989974584809766,0.2517253045309764,96.5584933757782
