Model,MAE,RMSE,MAPE,SMAPE,Training_Time
NeuralProphet,0.13589957221278123,0.1857819215176035,1.0765820361415301,0.34083986562639207,103.03175783157349
