Model,MAE,RMSE,MAPE,SMAPE,Training_Time
NeuralProphet,0.7047999830955551,0.7145322904413579,3.5333894659341163,0.6308181368061253,78.75874185562134
