Model,MAE,RMSE,MAPE,SMAPE,Training_Time
NeuralProphet,0.16986252975570307,0.3356052990762155,0.5996336036755123,0.24219732243810135,95.87050271034241
