Model,MAE,RMSE,MAPE,SMAPE,Training_Time
NeuralProphet,0.11930382731964902,0.18555842841111977,0.8635779682739988,0.363613601437843,107.78109836578369
