Model,MAE,RMSE,MAPE,SMAPE,Training_Time
NeuralProphet,0.14171857310486635,0.23976979751356647,0.7754273596750343,0.27537773583282743,100.5759174823761
