Model,MAE,RMSE,MAPE,SMAPE,Training_Time
NeuralProphet,0.034608170898897304,0.04038064934922231,0.46529194136284346,0.19246712128613078,109.97105550765991
