Model,MAE,RMSE,MAPE,SMAPE,Training_Time
NeuralProphet,0.08011553792371637,0.11237133307268056,0.5426718347761399,0.18985340059640474,98.64016270637512
