Model,MAE,RMSE,MAPE,SMAPE,Training_Time
NeuralProphet,0.16634069878129024,0.2218290936076655,0.8525435244913294,0.4575744692559413,99.66652965545654
