Model,MAE,RMSE,MAPE,SMAPE,Training_Time
NeuralProphet,0.3677990480205689,0.5478711035443627,0.5351025711302826,0.3252955902832153,110.58181524276733
