Model,MAE,RMSE,MAPE,SMAPE,Training_Time
NeuralProphet,0.09347207146151258,0.14044915019758733,0.45286201511345425,0.21276711622288774,104.27732563018799
