Model,MAE,RMSE,MAPE,SMAPE,Training_Time
NeuralProphet,0.3266876859396265,0.4630813985368836,1.4357671201405304,0.45726143062357427,95.27435040473938
