Model,MAE,RMSE,MAPE,SMAPE,Training_Time
NeuralProphet,0.03809665768132323,0.053637536886936635,0.35008016261952096,0.1656641596254317,107.19785594940186
