Model,MAE,RMSE,MAPE,SMAPE,Training_Time
NeuralProphet,0.4031961659314655,0.4458453350972259,1.621248685758324,0.3782985630243652,88.54736804962158
