Model,MAE,RMSE,MAPE,SMAPE,Training_Time
NeuralProphet,0.24131684182878,0.2881154913962245,1.876701101387282,0.3883122518146487,89.19547963142395
