Model,MAE,RMSE,MAPE,SMAPE,Training_Time
NeuralProphet,0.5522753991350992,0.696916969116375,0.40801796597332085,0.15175788738678103,108.5434558391571
