Model,MAE,RMSE,MAPE,SMAPE,Training_Time
NeuralProphet,0.15541018089165234,0.259359810913353,0.37870383527227525,0.16372881671918796,97.29842352867126
