Model,MAE,RMSE,MAPE,SMAPE,Training_Time
NeuralProphet,0.09378583815693856,0.17804402640783576,0.25384800592514334,0.12011805687831681,89.31939005851746
