Model,MAE,RMSE,MAPE,SMAPE,Training_Time
NeuralProphet,0.14456810377938348,0.3612700763471553,2.273735867923573,0.3520734785464038,103.86837434768677
