Model,MAE,RMSE,MAPE,SMAPE,Training_Time
NeuralProphet,0.07524235106543416,0.1143242915067462,0.5093585425457487,0.2188117931286878,86.35961985588074
