Model,MAE,RMSE,MAPE,SMAPE,Training_Time
NeuralProphet,0.30017847452438895,0.3978215937069127,1.009684629189809,0.3128267326063496,101.64976930618286
