Model,MAE,RMSE,MAPE,SMAPE,Training_Time
NeuralProphet,0.28988112098211216,0.37419577676652777,5.015941475386306,0.5135280123941799,88.70173144340515
