Model,MAE,RMSE,MAPE,SMAPE,Training_Time
NeuralProphet,0.04054327380905548,0.07020622142446428,0.18301741756897952,0.10272434051938224,104.7120749950409
