Model,MAE,RMSE,MAPE,SMAPE,Training_Time
NeuralProphet,0.08494851269324621,0.12375009322119003,1.1158235800799485,0.2761095700809656,112.5144555568695
