Model,MAE,RMSE,MAPE,SMAPE,Training_Time
NeuralProphet,0.12714574790036395,0.1907326964199943,0.3610305474448628,0.16183960721097687,101.69131636619568
