Model,MAE,RMSE,MAPE,SMAPE,Training_Time
NeuralProphet,0.08867496851689759,0.14028076920639457,1.051212627260792,0.2655376327346562,87.74121046066284
