Model,MAE,RMSE,MAPE,SMAPE,Training_Time
NeuralProphet,0.2082856605598336,0.3396618250002132,9757007469425.09,0.38653277111507395,95.62724161148071
