Model,MAE,RMSE,MAPE,SMAPE,Training_Time
NeuralProphet,0.20766073425185114,0.32658816882775427,0.4514452578148156,0.22977938417069627,109.57311534881592
