Model,MAE,RMSE,MAPE,SMAPE,Training_Time
NeuralProphet,0.20323232641293837,0.37717436862353854,0.4944350069611161,0.21276195685251206,96.17928004264832
