Model,MAE,RMSE,MAPE,SMAPE,Training_Time
NeuralProphet,0.02891690359743579,0.04164305075985038,0.507236689489101,0.19803072311087272,110.67036604881287
