Model,MAE,RMSE,MAPE,SMAPE,Training_Time
NeuralProphet,0.4847291701586042,0.5984837327305439,1.9513668324397884,0.38298026304389576,107.7210943698883
