Model,MAE,RMSE,MAPE,SMAPE,Training_Time
NeuralProphet,0.11471019131974096,0.1854449541556538,0.4767499322955664,0.19687558628165308,101.27410864830017
