Model,MAE,RMSE,MAPE,SMAPE,Training_Time
NeuralProphet,0.03952380437705488,0.07188723412737696,0.32196773595824474,0.15120261772961235,95.57844352722168
