Model,MAE,RMSE,MAPE,SMAPE,Training_Time
NeuralProphet,0.1302114877310537,0.23732736583877373,0.28207984730649505,0.14470413492573442,95.93186640739441
