Model,MAE,RMSE,MAPE,SMAPE,Training_Time
NeuralProphet,0.07885744957537169,0.12814423655112936,1.85507754091831,0.3233993028186265,105.89133977890015
