Model,MAE,RMSE,MAPE,SMAPE,Training_Time
NeuralProphet,0.08991678439861252,0.14428713764544784,1.0859209682830975,0.29251115997502886,90.78121018409729
