Model,MAE,RMSE,MAPE,SMAPE,Training_Time
NeuralProphet,0.04460853088434253,0.05799260393616944,0.2900074546484299,0.13874523255265175,89.41897630691528
