Model,MAE,RMSE,MAPE,SMAPE,Training_Time
NeuralProphet,0.07325568517332985,0.09490885127296847,9396069035448.39,0.3211451500389168,105.10101103782654
