Model,MAE,RMSE,MAPE,SMAPE,Training_Time
NeuralProphet,0.11837116290486994,0.17157967503604413,0.3804689513743813,0.15242705832377546,88.18444418907166
