Model,MAE,RMSE,MAPE,SMAPE,Training_Time
NeuralProphet,0.27402213676157505,0.3880739302598209,1.0363402960435504,0.28438304370024403,108.17113780975342
