Model,MAE,RMSE,MAPE,SMAPE,Training_Time
NeuralProphet,0.0493284737840295,0.0931716798768138,0.42694274041225233,0.17670780912219386,88.35193276405334
