Model,MAE,RMSE,MAPE,SMAPE,Training_Time
NeuralProphet,0.138367348177802,0.24489350712126862,0.5831686740664129,0.23068323980544103,91.10623145103455
