Model,MAE,RMSE,MAPE,SMAPE,Training_Time
NeuralProphet,0.16837861351633357,0.24821821017835755,0.616519987159492,0.21451767693504106,110.79854106903076
