Model,MAE,RMSE,MAPE,SMAPE,Training_Time
NeuralProphet,0.19842139709360485,0.3675140042882396,115865586948974.22,0.40469680739123504,88.40686273574829
