Model,MAE,RMSE,MAPE,SMAPE,Training_Time
NeuralProphet,0.14518970442527818,0.3176366528635921,0.47458628049744206,0.1913817401550347,114.80521869659424
