Model,MAE,RMSE,MAPE,SMAPE,Training_Time
NeuralProphet,0.04766463640757971,0.0764624407717179,0.34657256085178034,0.15684479896537745,88.45948719978333
