Model,MAE,RMSE,MAPE,SMAPE,Training_Time
NeuralProphet,0.11500516447478108,0.2606912917466226,0.606582979415951,0.24867604820516165,96.06396269798279
