Model,MAE,RMSE,MAPE,SMAPE,Training_Time
NeuralProphet,0.032558784372395,0.04471803715606045,0.4399882703483415,0.17816751448249304,94.90586137771606
