Model,MAE,RMSE,MAPE,SMAPE,Training_Time
NeuralProphet,0.07813561659155502,0.1280408926883455,0.5379288060696856,0.2717053178813573,110.2879421710968
