Model,MAE,RMSE,MAPE,SMAPE,Training_Time
NeuralProphet,0.305204341576725,0.5650521877637976,0.9678570758603475,0.31101019125381046,89.84318208694458
