Model,MAE,RMSE,MAPE,SMAPE,Training_Time
NeuralProphet,0.0917636707272558,0.11842657010503953,0.6714404277230012,0.21749708285645541,106.48334193229675
