Model,MAE,RMSE,MAPE,SMAPE,Training_Time
NeuralProphet,0.10762366571029028,0.152757968700239,1.5025087620757884,0.25873409941438763,105.97172403335571
