Model,MAE,RMSE,MAPE,SMAPE,Training_Time
NeuralProphet,0.2422375285078094,0.3522571479405134,0.3434084997940146,0.14451261464442494,99.01370239257812
