Model,MAE,RMSE,MAPE,SMAPE,Training_Time
NeuralProphet,0.32030643204027925,0.4433919475102583,0.9678385627088373,0.2929066456935356,94.2303454875946
