Model,MAE,RMSE,MAPE,SMAPE,Training_Time
NeuralProphet,0.12007126605014007,0.14940267783030828,0.5227357254986873,0.1932546060838261,91.86839032173157
