Model,MAE,RMSE,MAPE,SMAPE,Training_Time
NeuralProphet,0.08913636541508493,0.14349154836043962,0.38857786066735595,0.16049716635581848,105.57352137565613
