Model,MAE,RMSE,MAPE,SMAPE,Training_Time
NeuralProphet,0.5618073506435315,0.7268358111259928,4.269419586204541,0.5014659458545803,110.80714559555054
