Model,MAE,RMSE,MAPE,SMAPE,Training_Time
NeuralProphet,0.07447006861794561,0.20367564547670625,0.1422887446621305,0.07516847375404542,105.59543108940125
