Model,MAE,RMSE,MAPE,SMAPE,Training_Time
NeuralProphet,0.14497253178263053,0.4974312334095771,0.3236926405399315,0.14934515520319125,102.17368268966675
