Model,MAE,RMSE,MAPE,SMAPE,Training_Time
NeuralProphet,0.19063359898612614,0.25231748800826725,0.9027746532873541,0.27650544660953846,103.17444157600403
