Model,MAE,RMSE,MAPE,SMAPE,Training_Time
NeuralProphet,0.08076324736185017,0.09983613696436855,0.5655874427325484,0.20053425032771616,109.91178488731384
