Model,MAE,RMSE,MAPE,SMAPE,Training_Time
NeuralProphet,0.1433471665836516,0.21517777810713426,0.3929428172365935,0.17432791082515559,111.28852128982544
