Model,MAE,RMSE,MAPE,SMAPE,Training_Time
NeuralProphet,0.6873761013194766,0.8286797167838431,0.8869877912167317,0.2984857689189485,107.25843524932861
