Model,MAE,RMSE,MAPE,SMAPE,Training_Time
NeuralProphet,0.1307930468654349,0.18246196681316235,0.8578679150776252,0.26790329689573894,113.9617862701416
