Model,MAE,RMSE,MAPE,SMAPE,Training_Time
NeuralProphet,0.05894990521793565,0.13102751805966464,45233978199870.92,0.4681198991187887,110.5924117565155
