Model,MAE,RMSE,MAPE,SMAPE,Training_Time
NeuralProphet,0.19113787921163303,0.3923282193149302,0.3192913940502707,0.1509097441415915,107.57572436332703
