Model,MAE,RMSE,MAPE,SMAPE,Training_Time
NeuralProphet,0.10872633276383084,0.1425559322264142,0.7303278260925284,0.21755048751088213,89.21992325782776
