Model,MAE,RMSE,MAPE,SMAPE,Training_Time
NeuralProphet,0.1068073389356335,0.16481786431975912,0.5107228168083753,0.20522066396938254,108.43317437171936
