Model,MAE,RMSE,MAPE,SMAPE,Training_Time
NeuralProphet,0.08527320998978047,0.1255720284743211,0.38997758758820755,0.18871942294817973,103.19892263412476
