Model,MAE,RMSE,MAPE,SMAPE,Training_Time
NeuralProphet,0.08562359129318169,0.13967873604847392,0.4258796322074935,0.1657369279859751,97.53172516822815
