Model,MAE,RMSE,MAPE,SMAPE,Training_Time
NeuralProphet,0.1227497662004261,0.20612689756698846,0.5862434616284304,0.19119335141702326,106.42087149620056
