Model,MAE,RMSE,MAPE,SMAPE,Training_Time
NeuralProphet,0.14105635215625875,0.2162403203993505,0.4111984280244827,0.1664063896554463,107.66655945777893
