Model,MAE,RMSE,MAPE,SMAPE,Training_Time
NeuralProphet,0.08227040720943894,0.21361595672603204,0.7364330132705119,0.2455420282252553,113.76147031784058
