Model,MAE,RMSE,MAPE,SMAPE,Training_Time
NeuralProphet,0.1351765370262521,0.22930156197953,0.9053583360406275,0.2799401312797133,104.60085797309875
