Model,MAE,RMSE,MAPE,SMAPE,Training_Time
NeuralProphet,0.14526958399869147,0.23974377893541232,0.5003068674728504,0.19794035352001874,88.30944895744324
