Model,MAE,RMSE,MAPE,SMAPE,Training_Time
NeuralProphet,0.026698119332526055,0.03345232000366249,2736009311184.221,0.29052912087305516,97.51586747169495
