Model,MAE,RMSE,MAPE,SMAPE,Training_Time
NeuralProphet,0.10623569925803514,0.22099238044933242,1.3064736121442175,0.35274936561916703,110.78425335884094
