model,mae,mape,smape,rmse,training_time
Prophet,0.11759422542832293,0.46468394653636114,0.3660271907979218,0.1523829664663828,0.6743090152740479
